Iref,period,LLE_per_cycle,eig1_mag,eig2_mag,duty
5.999999999999999778e-01,1.000000000000000000e+00,-3.945741318240554296e-01,6.735858199802714497e-01,2.416251047562448240e-03,6.674576574785678895e-02
6.099999999999999867e-01,1.000000000000000000e+00,-3.859086327689883467e-01,6.794581594974384853e-01,2.789864328507182800e-03,7.292450360223889927e-02
6.199999999999999956e-01,1.000000000000000000e+00,-3.771352882094661796e-01,6.854560402608128600e-01,3.180326022369395211e-03,7.901801774672667644e-02
6.300000000000000044e-01,1.000000000000000000e+00,-3.682646707034502032e-01,6.915745546956373335e-01,3.586103085714095751e-03,8.502754346471365354e-02
6.400000000000000133e-01,1.000000000000000000e+00,-3.593068913755271820e-01,6.978089514972731777e-01,4.005748630518835007e-03,9.095431328903273716e-02
6.500000000000000222e-01,1.000000000000000000e+00,-3.502715486861677219e-01,7.041546023891787076e-01,4.437886483955863492e-03,9.679955585531524465e-02
6.600000000000000311e-01,1.000000000000000000e+00,-3.411677860525224593e-01,7.106070273711878604e-01,4.881227042128455373e-03,1.025644948241461463e-01
6.700000000000000400e-01,1.000000000000000000e+00,-3.320042735432681691e-01,7.171618939884910615e-01,5.334545430526346776e-03,1.082503478708579658e-01
6.800000000000000488e-01,1.000000000000000000e+00,-3.227892664139923595e-01,7.238149627161495347e-01,5.796685278494265181e-03,1.138583257415833744e-01
6.900000000000000577e-01,1.000000000000000000e+00,-3.135305080263530164e-01,7.305621922875074059e-01,6.266572616950467911e-03,1.193896313739728487e-01
7.000000000000000666e-01,1.000000000000000000e+00,-3.042353769882404357e-01,7.373996047698490042e-01,6.743186275723830891e-03,1.248454590808468073e-01
7.100000000000000755e-01,1.000000000000000000e+00,-2.949107952648705733e-01,7.443234164213955451e-01,7.225575354772813264e-03,1.302269937948715706e-01
7.200000000000000844e-01,1.000000000000000000e+00,-2.855633074112612912e-01,7.513299188251953975e-01,7.712860388503051112e-03,1.355354103722712922e-01
7.300000000000000933e-01,1.000000000000000000e+00,-2.761990384525160325e-01,7.584155727175423412e-01,8.204203598189213631e-03,1.407718729534773172e-01
7.400000000000001021e-01,1.000000000000000000e+00,-2.668237700846146643e-01,7.655769083201335867e-01,8.698833089248160511e-03,1.459375343785552781e-01
7.500000000000001110e-01,1.000000000000000000e+00,-2.574428622267458944e-01,7.728106219114954101e-01,9.196028143090728690e-03,1.510335356551943398e-01
7.600000000000001199e-01,1.000000000000000000e+00,-2.480613893111132395e-01,7.801135052035437223e-01,9.695122113971249567e-03,1.560610054770295019e-01
7.700000000000001288e-01,1.000000000000000000e+00,-2.386840149622706242e-01,7.874824699650183613e-01,1.019549596933890315e-02,1.610210597900266494e-01
7.800000000000001377e-01,1.000000000000000000e+00,-2.293150653229633074e-01,7.949145467909602969e-01,1.069656849051443120e-02,1.659148014046835651e-01
7.900000000000001465e-01,1.000000000000000000e+00,-2.199586046949310314e-01,8.024068239289043891e-01,1.119781257463267621e-02,1.707433196518029495e-01
8.000000000000001554e-01,1.000000000000000000e+00,-2.106182766248870519e-01,8.099565562802574226e-01,1.169873804813327187e-02,1.755076900796005424e-01
8.100000000000001643e-01,1.000000000000000000e+00,-2.012974727520146223e-01,8.175610884651303145e-01,1.219889411148361059e-02,1.802089741899834952e-01
8.200000000000001732e-01,1.000000000000000000e+00,-1.919992543227819204e-01,8.252177900326809201e-01,1.269785483537997153e-02,1.848482192118259260e-01
8.300000000000001821e-01,1.000000000000000000e+00,-1.827263595219555670e-01,8.329242163818045830e-01,1.319524631500542354e-02,1.894264579091561873e-01
8.400000000000001910e-01,1.000000000000000000e+00,-1.734812500612702146e-01,8.406779707503934107e-01,1.369071810854956620e-02,1.939447084222025719e-01
8.500000000000001998e-01,1.000000000000000000e+00,-1.642661283210853918e-01,8.484767459435185177e-01,1.418394690957089366e-02,1.984039741393096579e-01
8.600000000000002087e-01,1.000000000000000000e+00,-1.550829402472226337e-01,8.563183436663743819e-01,1.467464660428175263e-02,2.028052435977982237e-01
8.700000000000002176e-01,1.000000000000000000e+00,-1.459334778706826430e-01,8.642005966532350092e-01,1.516254588897688986e-02,2.071494904119100255e-01
8.800000000000002265e-01,1.000000000000000000e+00,-1.368193981762005351e-01,8.721214530798759856e-01,1.564740234101411054e-02,2.114376732260407898e-01
8.900000000000002354e-01,1.000000000000000000e+00,-1.277422718012445058e-01,8.800789473202527136e-01,1.612900353361932174e-02,2.156707356915414930e-01
9.000000000000002442e-01,1.000000000000000000e+00,-1.187036862926059699e-01,8.880711436803083725e-01,1.660714784666399504e-02,2.198496064654327786e-01
9.100000000000002531e-01,1.000000000000000000e+00,-1.097052310330634550e-01,8.960962487172465796e-01,1.708166533730875319e-02,2.239751992294490290e-01
9.200000000000002620e-01,1.000000000000000000e+00,-1.007485688584060374e-01,9.041524557115521166e-01,1.755238980223064113e-02,2.280484127279049367e-01
9.300000000000002709e-01,1.000000000000000000e+00,-9.183537816500815520e-02,9.122380760433258517e-01,1.801918252188407232e-02,2.320701308229377313e-01
9.400000000000002798e-01,1.000000000000000000e+00,-8.296733420310720142e-02,9.203514717659228017e-01,1.848192572463240591e-02,2.360412225657579632e-01
9.500000000000002887e-01,1.000000000000000000e+00,-7.414605666334699030e-02,9.284910589376372814e-01,1.894050277858418813e-02,2.399625422826040522e-01
9.600000000000002975e-01,1.000000000000000000e+00,-6.537308270058359017e-02,9.366553249947668913e-01,1.939481773224914496e-02,2.438349296741668948e-01
9.700000000000003064e-01,1.000000000000000000e+00,-5.664981908665926713e-02,9.448428020575380115e-01,1.984479161843849190e-02,2.476592099273106640e-01
9.800000000000003153e-01,1.000000000000000000e+00,-4.797753224165208358e-02,9.530520909109371219e-01,2.029035298549290711e-02,2.514361938379903183e-01
9.900000000000003242e-01,1.000000000000000000e+00,-3.935733698884046061e-02,9.612818188735708924e-01,2.073143704633951048e-02,2.551666779443130251e-01
1.000000000000000444e+00,1.000000000000000000e+00,-3.079018764750529602e-02,9.695307000698227817e-01,2.116799944967432887e-02,2.588514446687695258e-01
1.010000000000000231e+00,1.000000000000000000e+00,-2.227690234966952718e-02,9.777974760502571305e-01,2.160000100268718790e-02,2.624912624687003593e-01
1.020000000000000462e+00,1.000000000000000000e+00,-1.381816433008150463e-02,9.860809289702772151e-01,2.202740209039487709e-02,2.660868859941334374e-01
1.030000000000000249e+00,1.000000000000000000e+00,-5.414545812090816243e-03,9.943799165225702952e-01,2.245018945394313542e-02,2.696390562521916445e-01
1.040000000000000480e+00,2.000000000000000000e+00,-5.380677978151776966e-03,9.284520965154408056e-01,9.419834283094508098e-03,2.730311328215940803e-01
1.050000000000000266e+00,2.000000000000000000e+00,-2.210933554114156985e-02,8.512584797636389977e-01,6.244179363274524053e-03,2.761477585712638350e-01
1.060000000000000497e+00,2.000000000000000000e+00,-3.956474547769758821e-02,7.991686078846007568e-01,1.762582156285506796e-02,2.792403841554369492e-01
1.070000000000000284e+00,2.000000000000000000e+00,-5.767983994788372648e-02,7.559463013758841443e-01,2.762788261713894356e-02,2.823092549966637055e-01
1.080000000000000515e+00,2.000000000000000000e+00,-7.646369376186155919e-02,7.175752840012795675e-01,3.698910594401097485e-02,2.853546139558872374e-01
1.090000000000000302e+00,2.000000000000000000e+00,-9.595171780178148035e-02,6.822831480146002159e-01,4.605661329645052704e-02,2.883767013114587052e-01
1.100000000000000533e+00,2.000000000000000000e+00,-1.161915005427117537e-01,6.490804505226563936e-01,5.504681439879591243e-02,2.913757547424773997e-01
1.110000000000000320e+00,2.000000000000000000e+00,-1.372396988160608511e-01,6.173268589911210524e-01,6.412498767321164750e-02,2.943520093162720341e-01
1.120000000000000551e+00,2.000000000000000000e+00,-1.591615245276774837e-01,5.865564801554119523e-01,7.344032827079657877e-02,2.973056974798153895e-01
1.130000000000000338e+00,2.000000000000000000e+00,-1.820313120546649677e-01,5.563907325323307340e-01,8.314774190655496722e-02,3.002370490548647020e-01
1.140000000000000568e+00,2.000000000000000000e+00,-2.059336577417903991e-01,5.264840386916093129e-01,9.342788910154914417e-02,3.031462912366184592e-01
1.150000000000000355e+00,2.000000000000000000e+00,-2.309649165653338276e-01,4.964780469781272521e-01,1.045133775479913929e-01,3.060336485956819397e-01
1.160000000000000586e+00,2.000000000000000000e+00,-2.572351817207935154e-01,4.659460473102168265e-01,1.167324654948364016e-01,3.088993430831435405e-01
1.170000000000000373e+00,2.000000000000000000e+00,-2.848707718232699193e-01,4.342977198346182899e-01,1.305966622605619076e-01,3.117435940385500093e-01
1.180000000000000604e+00,2.000000000000000000e+00,-3.140171978165339772e-01,4.005636795411836593e-01,1.470111449518988755e-01,3.145666182005930622e-01
1.190000000000000391e+00,2.000000000000000000e+00,-3.448428978786416410e-01,3.627343402393072846e-01,1.679323587895596159e-01,3.173686297203036077e-01
1.200000000000000622e+00,2.000000000000000000e+00,-3.775438321102413952e-01,3.142282243560109434e-01,1.998972229646109600e-01,3.201498401765731083e-01
1.210000000000000409e+00,2.000000000000000000e+00,-4.123490358392978838e-01,2.541535099556233579e-01,2.541535099556233579e-01,3.229104585938115668e-01
1.220000000000000639e+00,2.000000000000000000e+00,-4.495273854755807430e-01,2.574226802378553614e-01,2.574226802378553614e-01,3.256506914615652226e-01
1.230000000000000426e+00,2.000000000000000000e+00,-4.893957111391966652e-01,2.604593146126248371e-01,2.604593146126248371e-01,3.283707427559220404e-01
1.240000000000000657e+00,2.000000000000000000e+00,-5.323280417407392218e-01,2.632855197769350952e-01,2.632855197769350952e-01,3.310708139625372914e-01
1.250000000000000444e+00,2.000000000000000000e+00,-5.787656330805356353e-01,2.659203282441973126e-01,2.659203282441973126e-01,3.337511041011185786e-01
1.260000000000000675e+00,2.000000000000000000e+00,-6.292260479646538673e-01,2.683802772664000691e-01,2.683802772664000691e-01,3.364118097512167616e-01
1.270000000000000462e+00,2.000000000000000000e+00,-6.843075058387891874e-01,2.706798024060346752e-01,2.706798024060346752e-01,3.390531250791751217e-01
1.280000000000000693e+00,2.000000000000000000e+00,-7.446802974550560394e-01,2.728316215849673210e-01,2.728316215849673210e-01,3.416752418660981561e-01
1.290000000000000480e+00,2.000000000000000000e+00,-8.110490712477190778e-01,2.748469582288746715e-01,2.748469582288746715e-01,3.442783495367046087e-01
1.300000000000000711e+00,2.000000000000000000e+00,-8.840568452190719073e-01,2.767358185547645344e-01,2.767358185547645344e-01,3.468626351889372850e-01
1.310000000000000497e+00,2.000000000000000000e+00,-9.640914737283845515e-01,2.785071318115143191e-01,2.785071318115143191e-01,3.494282836242142976e-01
1.320000000000000728e+00,2.000000000000000000e+00,-1.050967870886363453e+00,2.801689120365218888e-01,2.801689120365218888e-01,3.519754773782048929e-01
1.330000000000000515e+00,2.000000000000000000e+00,-1.143549949648664077e+00,2.817283828890486674e-01,2.817283828890486674e-01,3.545043967520238315e-01
1.340000000000000746e+00,2.000000000000000000e+00,-1.223451754806405001e+00,2.831920722015828229e-01,2.831920722015828229e-01,3.570152198437478441e-01
1.350000000000000533e+00,2.000000000000000000e+00,-1.128583493091298573e+00,2.845659021248362897e-01,2.845659021248362897e-01,3.595081225801586844e-01
1.360000000000000764e+00,2.000000000000000000e+00,-1.037324340777590059e+00,2.858552891929564410e-01,2.858552891929564410e-01,3.619832787486275683e-01
1.370000000000000551e+00,2.000000000000000000e+00,-9.518433346551820051e-01,2.870651491995933613e-01,2.870651491995933613e-01,3.644408600290602873e-01
1.380000000000000782e+00,2.000000000000000000e+00,-8.731814969269456883e-01,2.882000154902480404e-01,2.882000154902480404e-01,3.668810360258285552e-01
1.390000000000000568e+00,2.000000000000000000e+00,-8.014641528837048723e-01,2.892640187530598483e-01,2.892640187530598483e-01,3.693039742996207520e-01
1.400000000000000799e+00,2.000000000000000000e+00,-7.362133153390804097e-01,2.902609866944060868e-01,2.902609866944060868e-01,3.717098403991483391e-01
1.410000000000000586e+00,2.000000000000000000e+00,-6.766059803520031446e-01,2.911944601472671867e-01,2.911944601472671867e-01,3.740987978926499924e-01
1.420000000000000817e+00,2.000000000000000000e+00,-6.220380468995846401e-01,2.920676763403704523e-01,2.920676763403704523e-01,3.764710083991444356e-01
1.430000000000000604e+00,2.000000000000000000e+00,-5.720021739515206427e-01,2.928836634815724649e-01,2.928836634815724649e-01,3.788266316193815708e-01
1.440000000000000835e+00,4.000000000000000000e+00,-2.622314065047857690e-01,2.917482330677250157e-01,2.917482330677250157e-01,3.813403713210269386e-01
1.450000000000000622e+00,4.000000000000000000e+00,-2.564085428609556572e-01,2.903961402407600478e-01,2.903961402407600478e-01,3.838446662902348372e-01
1.460000000000000853e+00,4.000000000000000000e+00,-2.519750123170846900e-01,2.889358666001783371e-01,2.889358666001783371e-01,3.863290771430343273e-01
1.470000000000000639e+00,4.000000000000000000e+00,-2.489966773815415202e-01,2.873619531719641684e-01,2.873619531719641684e-01,3.887938710509993845e-01
1.480000000000000870e+00,4.000000000000000000e+00,-2.475535040611861470e-01,2.856696822537748703e-01,2.856696822537748703e-01,3.912392557614942090e-01
1.490000000000000657e+00,4.000000000000000000e+00,-2.477402774423163034e-01,2.838552719944691383e-01,2.838552719944691383e-01,3.936653726277296039e-01
1.500000000000000888e+00,4.000000000000000000e+00,-2.506442204218288783e-01,3.021430909479291826e-01,3.021430909479291826e-01,3.960722926912126907e-01
1.510000000000000675e+00,4.000000000000000000e+00,-2.544793638201140462e-01,3.035678058195988016e-01,3.035678058195988016e-01,3.984600168188711100e-01
1.520000000000000906e+00,4.000000000000000000e+00,-2.603385275567510759e-01,3.050088940472611698e-01,3.050088940472611698e-01,4.008284804574595572e-01
1.530000000000000693e+00,4.000000000000000000e+00,-2.673473823816011619e-01,2.753463257451854718e-01,2.753463257451854718e-01,4.031775629332794431e-01
1.540000000000000924e+00,4.000000000000000000e+00,-2.778528686873324438e-01,2.729114801830530568e-01,2.729114801830530568e-01,4.055071005354550229e-01
1.550000000000000711e+00,4.000000000000000000e+00,-2.919357078265002459e-01,3.093787080124627553e-01,3.093787080124627553e-01,4.078169020519264443e-01
1.560000000000000941e+00,4.000000000000000000e+00,-3.075404531805612240e-01,5.352614294697101149e-01,5.352614294697101149e-01,4.101067651247929380e-01
1.570000000000000728e+00,4.000000000000000000e+00,-3.256607919106881410e-01,1.747917067692566606e+00,5.243617861476881914e-02,4.123764918154396719e-01
1.580000000000000959e+00,4.000000000000000000e+00,-3.523595285254181864e-01,5.352614302654221667e-01,5.352614302654221667e-01,4.146259020777473547e-01
1.590000000000000746e+00,4.000000000000000000e+00,-3.826918605378926141e-01,5.352614276151541617e-01,5.352614276151541617e-01,4.168548443138553883e-01
1.600000000000000977e+00,4.000000000000000000e+00,-4.180733422376851638e-01,1.783696905349576811e+00,5.451658268980774658e-02,4.190632026951545130e-01
1.610000000000000764e+00,4.000000000000000000e+00,-4.661324538669739947e-01,1.795809930789146192e+00,5.523667110973595751e-02,4.212509013621968945e-01
1.620000000000000995e+00,4.000000000000000000e+00,-5.301172470959196747e-01,1.807990989811715687e+00,5.596077245926056598e-02,4.234179059128614364e-01
1.630000000000000782e+00,4.000000000000000000e+00,-6.217954463655585018e-01,1.820226748855229726e+00,5.668421131788195511e-02,4.255642227398427901e-01
1.640000000000001013e+00,4.000000000000000000e+00,-7.756413207409719179e-01,5.352614284899150920e-01,5.352614284899150920e-01,4.276898968110561250e-01
1.650000000000000799e+00,4.000000000000000000e+00,-1.069076527836032353e+00,5.352614302158269499e-01,5.352614302158269499e-01,4.297950084383410640e-01
1.660000000000001030e+00,4.000000000000000000e+00,-7.619067362867874005e-01,5.352614304464879957e-01,5.352614304464879957e-01,4.318796694886737342e-01
1.670000000000000817e+00,4.000000000000000000e+00,-6.009454310398434362e-01,5.352614272559025332e-01,5.352614272559025332e-01,4.339440193871098583e-01
1.680000000000001048e+00,4.000000000000000000e+00,-4.986466167358799551e-01,5.352614274381919390e-01,5.352614274381919390e-01,4.359882211607516433e-01
1.690000000000000835e+00,4.000000000000000000e+00,-4.236850037763352783e-01,5.352614265209836297e-01,5.352614265209836297e-01,4.380124576878821618e-01
1.700000000000001066e+00,4.000000000000000000e+00,-3.643528285188489257e-01,5.352614267575530604e-01,5.352614267575530604e-01,4.400169282493849310e-01
1.710000000000000853e+00,4.000000000000000000e+00,-3.134334052367160339e-01,1.918897393460429646e+00,6.207772655168011799e-02,4.420018454300806976e-01
1.720000000000001084e+00,4.000000000000000000e+00,-2.713544195099192313e-01,1.931226598997953348e+00,6.267560727311706492e-02,4.439674323832136782e-01
1.730000000000000870e+00,4.000000000000000000e+00,-2.345115006313659156e-01,1.943539928506873959e+00,6.325368572651936250e-02,4.459139204488589137e-01
1.740000000000001101e+00,4.000000000000000000e+00,-2.017066932822955960e-01,1.955834677976360680e+00,6.381176527785532848e-02,4.478415471035166462e-01
1.750000000000000888e+00,4.000000000000000000e+00,-1.721145866015934278e-01,1.968108603568015980e+00,6.434979520990077861e-02,4.497505542110109000e-01
1.760000000000001119e+00,4.000000000000000000e+00,-1.451418710023539005e-01,1.980359864459143138e+00,6.486785958856793044e-02,4.516411865419869276e-01
1.770000000000000906e+00,4.000000000000000000e+00,-1.203475531431380113e-01,1.992586888225052366e+00,6.536613614574458830e-02,4.535136894974242661e-01
1.780000000000001137e+00,4.000000000000000000e+00,-9.739435384250234862e-02,2.004788470113735954e+00,6.584489240685091616e-02,4.553683122000024008e-01
1.790000000000000924e+00,4.000000000000000000e+00,-7.601876036446970908e-02,2.016963576088490306e+00,6.630445888647047703e-02,4.572053004265913545e-01
1.800000000000001155e+00,4.000000000000000000e+00,-5.601061144247771600e-02,2.029111411350697836e+00,6.674521654246469426e-02,4.590249000355147158e-01
1.810000000000000941e+00,4.000000000000000000e+00,-3.719955984031275698e-02,2.041231343267951637e+00,6.716759577682512861e-02,4.608273553445694781e-01
1.820000000000001172e+00,4.000000000000000000e+00,-1.944554904116613941e-02,2.053322882246186420e+00,6.757205106796725091e-02,4.626129086537427715e-01
1.830000000000000959e+00,4.000000000000000000e+00,-2.631968902461579579e-03,2.065385696096493362e+00,6.795905677690752822e-02,4.643817998591654450e-01
1.840000000000001190e+00,8.000000000000000000e+00,-2.170317147105576758e-02,2.088369233543696524e+00,7.058689929035004418e-02,4.660784031439496045e-01
1.850000000000000977e+00,8.000000000000000000e+00,-7.377857835917876750e-02,1.668692126133830111e+00,6.518350889197870035e-02,4.677360675020695302e-01
1.860000000000001208e+00,8.000000000000000000e+00,-1.633440492389775234e-01,1.681674354202088439e+00,6.380241847400600075e-02,4.693816759682058470e-01
1.870000000000000995e+00,8.000000000000000000e+00,-4.556281252582445318e-01,1.693605324088516717e+00,6.264301974555640251e-02,4.710153391151253310e-01
1.880000000000001226e+00,8.000000000000000000e+00,-1.378008195253883628e-01,1.628708763688669903e+00,7.537192284869433101e-02,4.726371672334682694e-01
1.890000000000001013e+00,8.000000000000000000e+00,-5.375967095707095966e-02,1.631948469080502173e+00,7.564274910954107978e-02,4.742472702684604191e-01
1.900000000000001243e+00,8.000000000000000000e+00,-2.375446247652115202e-03,1.635538350310085987e+00,7.583979381034045009e-02,4.758457577457427812e-01
1.910000000000001030e+00,1.600000000000000000e+01,-6.841696529048427178e-02,1.634789958910472629e+00,7.651831147381264742e-02,4.774725719526636825e-01
1.920000000000001261e+00,9.900000000000000000e+01,2.679471895335787737e-02,1.636822025687452387e+00,7.694737430794731936e-02,4.790957312340493601e-01
1.930000000000001048e+00,9.900000000000000000e+01,-2.158752135974349295e-03,1.764599146102975080e+00,5.613420746181840837e-02,4.804102264997559546e-01
1.940000000000001279e+00,9.900000000000000000e+01,1.031224324783496099e-01,1.705738965427119558e+00,6.813286292892782592e-02,4.820150816286992157e-01
1.950000000000001066e+00,1.200000000000000000e+01,-1.403242496433586457e-02,1.751077666671704725e+00,6.156536989332905135e-02,4.842689726743478751e-01
1.960000000000001297e+00,9.900000000000000000e+01,1.114409725176102040e-01,5.352614297047915137e-01,5.352614297047915137e-01,4.846976829055629210e-01
1.970000000000001084e+00,9.900000000000000000e+01,1.531290081997133123e-01,2.240480033767993984e+00,7.333674108637885936e-02,4.863675038109324666e-01
1.980000000000001315e+00,9.900000000000000000e+01,1.755125512534142229e-01,1.824419566714063690e+00,5.165939780863394726e-02,4.881934675328494788e-01
1.990000000000001101e+00,9.900000000000000000e+01,1.877693287650656906e-01,2.261632083239901281e+00,7.351243171666851928e-02,4.897314359302975539e-01
2.000000000000001332e+00,9.900000000000000000e+01,1.708935561044399032e-01,5.352614288491253092e-01,5.352614288491253092e-01,4.915671282388989205e-01
2.010000000000001119e+00,1.000000000000000000e+01,-3.676795091565538964e-01,1.642749083932012466e+00,8.100001234787626569e-02,4.929069378428510562e-01
2.020000000000001350e+00,9.900000000000000000e+01,1.871133794879447088e-01,1.897751763253153201e-01,1.897751763253153201e-01,4.961515951952877312e-01
2.030000000000001137e+00,9.900000000000000000e+01,2.100165005857739520e-01,9.999999983634211276e-01,2.865047966602197738e-01,4.939116829806668996e-01
2.040000000000001368e+00,9.900000000000000000e+01,2.065171370989072885e-01,9.999999999700223130e-01,2.865047969458980326e-01,4.965757258814995634e-01
2.050000000000001155e+00,9.900000000000000000e+01,2.023665450592383452e-01,1.000000000583867177e+00,2.865047969246314885e-01,4.979325417667405662e-01
2.060000000000001386e+00,9.900000000000000000e+01,2.163699116969184377e-01,2.216032362326104954e-01,2.216032362326104954e-01,4.988709334409765495e-01
2.070000000000001172e+00,6.000000000000000000e+00,-2.743611286649121905e-01,3.059084924237265857e-01,9.586665371204278197e-02,4.973696356970649379e-01
2.080000000000001403e+00,1.200000000000000000e+01,-9.345816000020686076e-02,9.999999983634211276e-01,2.865047968257962707e-01,5.035409028289121736e-01
2.090000000000001190e+00,9.900000000000000000e+01,1.375554769374748854e-01,9.999999983634211276e-01,2.865047968796899380e-01,5.048407141898052508e-01
2.100000000000001421e+00,9.900000000000000000e+01,2.181727735838606130e-01,4.648109139442621052e-01,4.535486683153261422e-02,5.037171861485297830e-01
2.110000000000001208e+00,9.900000000000000000e+01,2.271350811865597286e-01,9.999999957541756412e-01,2.865047966535829160e-01,5.078532002126535660e-01
2.120000000000001439e+00,9.900000000000000000e+01,2.453117518068960723e-01,9.999999983634211276e-01,2.865047967217238534e-01,5.094031523663475891e-01
2.130000000000001226e+00,9.900000000000000000e+01,2.582983368601000640e-01,9.999999983634211276e-01,2.865047968632746245e-01,5.077623466613774283e-01
2.140000000000001457e+00,9.900000000000000000e+01,2.759568519277420529e-01,2.376879830347904676e-01,2.376879830347904676e-01,5.121302622657244452e-01
2.150000000000001243e+00,9.900000000000000000e+01,2.872124768033517128e-01,1.000000000583867177e+00,2.865047970265071631e-01,5.117894196921282113e-01
2.160000000000001474e+00,9.900000000000000000e+01,2.641770442796271268e-01,1.381022802672986272e+00,3.038145899735966715e-02,5.160089622666186315e-01
2.170000000000001261e+00,9.900000000000000000e+01,3.419115722097013782e-02,1.000000000256826338e+00,2.865047967975647980e-01,5.171032936850918915e-01
2.180000000000001492e+00,9.900000000000000000e+01,3.195639892977794050e-01,1.613717335256831920e+00,3.867766311163042814e-02,5.117079860849829132e-01
2.190000000000001279e+00,9.900000000000000000e+01,3.501427730279974559e-01,2.474400004102433659e+00,7.331818166525647107e-02,5.155766175815448271e-01
2.200000000000001510e+00,9.900000000000000000e+01,3.532742705270268679e-01,1.840576490243964303e+00,6.618265487788539680e-02,5.164991344485052593e-01
2.210000000000001297e+00,9.900000000000000000e+01,3.556297379980930540e-01,2.033904258668848275e+00,4.188666610558325343e-02,5.203512275954622623e-01
2.220000000000001528e+00,9.900000000000000000e+01,3.545563875968006928e-01,1.000000001054571097e+00,2.865047968287305902e-01,5.223579998634619859e-01
2.230000000000001315e+00,9.900000000000000000e+01,3.639237131759442967e-01,1.000000001327699506e+00,2.865047970092157170e-01,5.169852908193317553e-01
2.240000000000001545e+00,9.900000000000000000e+01,3.529034983161735695e-01,2.347112760168423851e+00,6.340397644639354791e-02,5.190238572671292960e-01
2.250000000000001332e+00,9.900000000000000000e+01,3.578780614386575798e-01,1.813416328984092329e+00,6.997444933938662404e-02,5.240356964507520976e-01
2.260000000000001563e+00,9.900000000000000000e+01,3.357577235936182181e-01,2.027446399889349049e+00,4.806731097123831398e-02,5.284621443177679456e-01
2.270000000000001350e+00,9.900000000000000000e+01,3.698448526431749595e-01,2.114913090335575507e+00,5.497799932380925680e-02,5.277290809206229838e-01
2.280000000000001581e+00,9.900000000000000000e+01,3.409733646273509500e-01,1.529912869925082797e+00,1.003910330175173671e-01,5.336823909214913897e-01
2.290000000000001368e+00,9.900000000000000000e+01,3.446619776452922168e-01,1.000000000860965299e+00,2.865047970134639299e-01,5.276944979137485614e-01
2.300000000000001599e+00,9.900000000000000000e+01,3.567917852429599024e-01,1.968654358473387989e+00,4.913723251122789626e-02,5.318714336564401846e-01
2.310000000000001386e+00,9.900000000000000000e+01,3.766271861736477100e-01,1.894738964420006777e+00,4.694244188094684467e-02,5.255936001634048393e-01
2.320000000000001616e+00,9.900000000000000000e+01,3.741597091027085153e-01,1.000000000570052228e+00,2.865047969957762453e-01,5.311672198973350634e-01
2.330000000000001403e+00,9.900000000000000000e+01,3.552944265022640602e-01,7.059324902961663373e-01,3.095250309573971403e-03,5.361232920791981771e-01
2.340000000000001634e+00,9.900000000000000000e+01,2.936713763510709341e-01,2.026741072692505696e+00,5.098591004847957686e-02,5.393738718692157041e-01
2.350000000000001421e+00,5.000000000000000000e+00,-4.726872839264909670e-02,1.000000000583867177e+00,2.865047966263785661e-01,5.476667198104117062e-01
2.360000000000001652e+00,9.900000000000000000e+01,4.213496044522153233e-02,9.999999983634211276e-01,2.865047967848363131e-01,5.491547346934577689e-01
2.370000000000001439e+00,9.900000000000000000e+01,2.616103620199505264e-01,1.924019098919400150e+00,6.308543573865181553e-02,5.385102705588425964e-01
2.380000000000001670e+00,9.900000000000000000e+01,3.264210239911565781e-01,1.000000000341817907e+00,2.865047967715127486e-01,5.363184078384788389e-01
2.390000000000001457e+00,9.900000000000000000e+01,3.754064749566987658e-01,2.092845262732818234e+00,5.170785387401272137e-02,5.390806104143015531e-01
2.400000000000001688e+00,9.900000000000000000e+01,3.599254105033526385e-01,5.352614268213427007e-01,5.352614268213427007e-01,5.418672558155243069e-01
2.410000000000001474e+00,9.900000000000000000e+01,3.796122784780050496e-01,2.643505182771555440e+00,7.139492812753164830e-02,5.396953826796769826e-01
2.420000000000001705e+00,9.900000000000000000e+01,2.888758070750795381e-01,2.709384612654957891e+00,7.219636612394590702e-02,5.441170537535000573e-01
2.430000000000001492e+00,9.900000000000000000e+01,3.575100784593781000e-01,2.260825523721473385e+00,5.564344698651092769e-02,5.478477425358088126e-01
2.440000000000001723e+00,9.900000000000000000e+01,3.691199998773543323e-01,2.708857220274349054e+00,7.326263708353944470e-02,5.464419896645055230e-01
2.450000000000001510e+00,9.900000000000000000e+01,3.651679356453505498e-01,2.575356930087389529e+00,6.631828387103405609e-02,5.464495923620871221e-01
2.460000000000001741e+00,9.900000000000000000e+01,3.780141503275424864e-01,2.640696554914743199e+00,6.863173921069977423e-02,5.527677825451016158e-01
2.470000000000001528e+00,9.900000000000000000e+01,3.832717241184621648e-01,1.000000000672452760e+00,2.865047973301946826e-01,5.546855974669459011e-01
2.480000000000001759e+00,9.900000000000000000e+01,3.669476053163188700e-01,2.304863939873911249e+00,3.070409453992198334e-02,5.610426244577806365e-01
2.490000000000001545e+00,9.900000000000000000e+01,3.139317301895845902e-01,2.044280692212647299e+00,5.725754411396925120e-02,5.616035506245591336e-01
2.500000000000001776e+00,9.900000000000000000e+01,3.556350023543422556e-01,1.689744164063974319e+00,4.249511765453461987e-02,5.507536795697670629e-01
2.510000000000001563e+00,9.900000000000000000e+01,4.017953305920267115e-01,1.000000000036521897e+00,2.865047966800350898e-01,5.631710882451377298e-01
2.520000000000001794e+00,9.900000000000000000e+01,3.734331421126493300e-01,2.810628612721292274e+00,7.166710777289961309e-02,5.519649423792327703e-01
2.530000000000001581e+00,9.900000000000000000e+01,3.798790170151397083e-01,2.485897974545845379e+00,6.075016483761117025e-02,5.639297293195537630e-01
2.540000000000001812e+00,9.900000000000000000e+01,3.861132001926855239e-01,1.956497195899444153e+00,4.794327597985983958e-02,5.665662424833332045e-01
2.550000000000001599e+00,9.900000000000000000e+01,4.292725367203776288e-01,2.908889435955583025e+00,7.948413830828333915e-02,5.584453321022788685e-01
2.560000000000001830e+00,9.900000000000000000e+01,4.127054713205949299e-01,2.877937728321227961e+00,7.395316877037150238e-02,5.696221150297952063e-01
2.570000000000001616e+00,9.900000000000000000e+01,4.164233445291521951e-01,2.377949665898458687e+00,5.709022296590370027e-02,5.649484873314599698e-01
2.580000000000001847e+00,1.600000000000000000e+01,-4.344837384584018802e-02,2.945669709438461847e+00,8.050106458818596933e-02,5.681972403517905335e-01
2.590000000000001634e+00,9.900000000000000000e+01,4.038433859001028248e-01,1.000000001393458460e+00,2.865047969998600896e-01,5.664041457808880464e-01
2.600000000000001865e+00,9.900000000000000000e+01,3.984037180837082248e-01,1.661383184843982397e+00,4.241392706723995376e-02,5.635608911709952817e-01
2.610000000000001652e+00,9.900000000000000000e+01,4.164951787526989246e-01,5.352614274657352400e-01,5.352614274657352400e-01,5.708878095948021203e-01
2.620000000000001883e+00,9.900000000000000000e+01,3.920591896103280405e-01,1.000000000207870388e+00,2.865047965863034007e-01,5.721446641540511857e-01
2.630000000000002114e+00,9.900000000000000000e+01,4.245840017015443113e-01,2.508317346505876344e+00,1.747793726467096465e-02,5.692307614921598979e-01
2.640000000000001901e+00,9.900000000000000000e+01,4.385251550106279428e-01,1.000000002161162138e+00,2.865047969175470444e-01,5.770927284067716156e-01
2.650000000000001688e+00,9.900000000000000000e+01,4.037983813280999756e-01,9.999999992696981810e-01,2.865047968405510792e-01,5.713339500147011085e-01
2.660000000000001918e+00,9.900000000000000000e+01,4.263682979549510144e-01,2.238718843361688027e+00,4.641539533847059001e-02,5.769062666862118105e-01
2.670000000000002149e+00,9.900000000000000000e+01,4.071553147956951113e-01,2.762838336967989861e+00,3.847473097680986776e-02,5.783083084251141592e-01
2.680000000000001936e+00,9.900000000000000000e+01,3.956055086765897233e-01,2.394545535650534074e+00,3.533509740382843184e-02,5.858140214291037706e-01
2.690000000000001723e+00,6.000000000000000000e+00,-1.328961372379960093e-01,9.999999983634211276e-01,2.865047967593810641e-01,5.924996564287402512e-01
2.700000000000001954e+00,6.000000000000000000e+00,-8.079435671600854185e-02,4.391012790365844687e-01,4.391012790365844687e-01,5.814728460015867739e-01
2.710000000000002185e+00,6.000000000000000000e+00,-4.187619518594256490e-02,4.434239262787216806e-01,4.434239262787216806e-01,5.829943129132540980e-01
2.720000000000001972e+00,6.000000000000000000e+00,-1.120039766400041104e-02,5.352614280649732326e-01,5.352614280649732326e-01,5.994707411705555433e-01
2.730000000000001759e+00,1.200000000000000000e+01,-3.100125085928698981e-02,5.352614283441372578e-01,5.352614283441372578e-01,6.003805826888704011e-01
2.740000000000001990e+00,9.900000000000000000e+01,-7.364208598743352333e-03,4.423005109182151506e-01,4.423005109182151506e-01,5.859723602783155627e-01
2.750000000000002220e+00,9.900000000000000000e+01,4.144368018091983130e-02,1.000000000583867177e+00,2.865047972142735211e-01,5.983238057585542613e-01
2.760000000000002007e+00,9.900000000000000000e+01,1.031133184656558843e-01,9.999999983634211276e-01,2.865047965072118896e-01,5.998151754165205185e-01
2.770000000000001794e+00,9.900000000000000000e+01,1.022639043741376541e-01,4.370009029380203525e-01,4.370009029380203525e-01,5.892785569759195763e-01
2.780000000000002025e+00,9.900000000000000000e+01,1.118699173365653721e-01,4.459313878504837514e-01,4.459313878504837514e-01,5.896280542926859436e-01
2.790000000000002256e+00,9.900000000000000000e+01,1.065498055186051979e-01,5.352614289433397232e-01,5.352614289433397232e-01,6.064284572509064386e-01
2.800000000000002043e+00,9.000000000000000000e+00,-8.288089835379483516e-02,5.352614296409095029e-01,5.352614296409095029e-01,6.066606564570760085e-01
2.810000000000001830e+00,9.900000000000000000e+01,-8.071299774977601718e-03,3.004695797254591128e+00,6.363858157534418858e-02,6.075022978364743587e-01
2.820000000000002061e+00,9.900000000000000000e+01,1.051647021558788225e-01,1.000000003179402741e+00,2.865047966412503366e-01,6.042262397851603239e-01
2.830000000000002292e+00,9.900000000000000000e+01,1.170231098311875356e-01,9.999999991488851547e-01,2.865047966402859414e-01,6.066616436891922870e-01
2.840000000000002078e+00,9.900000000000000000e+01,1.587677587343495067e-01,4.258281436400517816e-01,4.258281436400517816e-01,5.940037694910822452e-01
2.850000000000001865e+00,9.900000000000000000e+01,1.596821197463632602e-01,1.000000000929774036e+00,2.865047968636454390e-01,6.091419190377819204e-01
2.860000000000002096e+00,9.900000000000000000e+01,1.680299698447837442e-01,9.999999996212131093e-01,2.865047968238533804e-01,6.080371590579025654e-01
2.870000000000002327e+00,9.900000000000000000e+01,1.839208817387459893e-01,4.506591026997987526e-01,4.506591026997987526e-01,5.983453228181172534e-01
2.880000000000002114e+00,9.900000000000000000e+01,1.989973560118967200e-01,9.999999990700262353e-01,2.865047963603120640e-01,6.100627380659456866e-01
2.890000000000001901e+00,9.900000000000000000e+01,2.841956316929387105e-01,9.999999986376855166e-01,2.865047966518217692e-01,6.142921786043763488e-01
2.900000000000002132e+00,9.900000000000000000e+01,2.729693535964080597e-01,9.999999983740930354e-01,2.865047963964616473e-01,5.955358104811760978e-01
2.910000000000002363e+00,9.900000000000000000e+01,2.953729121224721865e-01,4.529012922870256364e-01,4.529012922870256364e-01,5.981992668957536452e-01
2.920000000000002149e+00,9.900000000000000000e+01,3.110914368734538082e-01,1.000000001108330316e+00,2.865047967022490427e-01,6.021815279424003187e-01
2.930000000000001936e+00,9.900000000000000000e+01,3.115307244922017049e-01,5.352614261456781763e-01,5.352614261456781763e-01,6.094576796528188289e-01
2.940000000000002167e+00,9.900000000000000000e+01,3.246795262588655917e-01,3.273952962628390750e+00,7.688071265449918090e-02,6.185847171136266143e-01
2.950000000000002398e+00,9.900000000000000000e+01,3.433787583732748061e-01,9.999999997844734034e-01,2.865047970386873644e-01,6.067658507357742703e-01
2.960000000000002185e+00,9.900000000000000000e+01,3.421764946754574654e-01,1.568617283080304903e+00,9.674668786448292757e-02,6.199145986727053748e-01
2.970000000000001972e+00,9.900000000000000000e+01,3.171942986397657815e-01,9.999999978150757585e-01,2.865047967635556136e-01,6.065619492963665316e-01
2.980000000000002203e+00,9.900000000000000000e+01,3.469766831763447801e-01,1.000000000850688853e+00,2.865047969603636835e-01,6.117930678692473645e-01
2.990000000000002434e+00,9.900000000000000000e+01,3.270542125264764288e-01,4.464011824383777305e-01,4.464011824383777305e-01,6.108141170341317983e-01
3.000000000000002220e+00,9.900000000000000000e+01,3.779042495146505143e-01,1.000000002254987308e+00,2.865047968959006930e-01,6.040509080896729888e-01
